"","AGE_GROUP","TNFRSF12A","unlog"
"1","<=40",5.75822992062841,54.1252515831563
"2","41-50",5.86685647123104,58.3579164760061
"3",">50",5.66259451362457,50.6536566101064
