"","CHEMO_TREATED","TNFRSF12A","unlog"
"1","0",5.67779647055125,51.1902259985295
"2","1",5.73805406566638,53.3735869672674
