"","ENDOCRINE_TREATED","TNFRSF12A","unlog"
"1",0,5.6995007018771,51.9661654355094
"2",1,5.69906121073551,51.9503372872299
