"","HER2_STATUS","TNFRSF12A","unlog"
"1","Negative",5.68497523807898,51.4455804057524
"2","Positive",5.86030273050398,58.0934147974075
