"","IHC_SUBTYPE","TNFRSF12A","unlog"
"1","HR-Pos_HER2-Neg",5.6968640734642,51.8712802810807
"2","HR-Pos_HER2-Pos",5.84893766778349,57.637572402092
