"","KI67_STATUS","TNFRSF12A","unlog"
"1","Negative",5.64692293243381,50.1063982469091
"2","Positive",5.66467765657131,50.7268495038123
