"","LYMPH_NODE_STATUS","TNFRSF12A","unlog"
"1","Node Negative",5.68409410820846,51.4141694724969
"2","Node Positive",5.71236092189107,52.4314639061543
