"","NHG","TNFRSF12A","unlog"
"1","G1",5.79968653275357,55.7031316186958
"2","G2",5.63990076371857,49.8631031293725
"3","G3",5.74461083695165,53.6167117063059
