"","PGR_STATUS","TNFRSF12A","unlog"
"1","Negative",5.67505581417753,51.0930733487889
"2","Positive",5.70924467961597,52.3183334071476
