"","SIZE_GROUP","TNFRSF12A","unlog"
"1","T1",5.43478513878979,43.2547042349523
"2","T2",5.55604105526707,47.0473335874905
"3","T3",5.70275816786277,52.083632580072
