"","AGE_GROUP","TNFRSF12A","unlog"
"1","<=40",5.78156609455151,55.0078684462653
"2","41-50",5.86362993926779,58.227547078055
"3",">50",5.6771579069243,51.167573267139
