"","CHEMO_TREATED","TNFRSF12A","unlog"
"1",0,5.70175953570489,52.047592813102
"2",1,5.73926204223117,53.4182956826779
