"","ENDOCRINE_TREATED","TNFRSF12A","unlog"
"1",0,5.68054010813366,51.2876693640278
"2",1,5.71931135106998,52.6846708613511
