"","ER_STATUS","TNFRSF12A","unlog"
"1","Negative",5.96989728588549,62.6784364328154
"2","Positive",5.70924467961597,52.3183334071476
