"","HER2_STATUS","TNFRSF12A","unlog"
"1","Negative",5.70950743629334,52.3278629632917
"2","Positive",5.82408705385961,56.6532593520579
