"","IHC_SUBTYPE","TNFRSF12A","unlog"
"1","HR-Pos_HER2-Neg",5.70907527527312,52.3121904370079
"2","HR-Pos_HER2-Pos",5.81232172853158,56.193125010296
