"","KI67_STATUS","TNFRSF12A","unlog"
"1","Negative",5.65996457881944,50.5614025558379
"2","Positive",5.66016536407148,50.5684398645867
