"","LYMPH_NODE_STATUS","TNFRSF12A","unlog"
"1","Node Negative",5.7017356173205,52.0467299252589
"2","Node Positive",5.73090502364885,53.1097570098102
