"","NHG","TNFRSF12A","unlog"
"1","G1",5.81496125737194,56.2960290458403
"2","G2",5.65817245385356,50.4986338535552
"3","G3",5.76392266589575,54.3392468980839
