"","SIZE_GROUP","TNFRSF12A","unlog"
"1","T1",5.27703164406011,38.7743756012478
"2","T2",5.60149702363757,48.5532856893132
"3","T3",5.71889670541591,52.6695309113392
