"","AGE_GROUP","TNFRSF12A","unlog"
"1","<=40",5.76285739375133,54.2991381305177
"2","41-50",5.86628711324034,58.3348901332398
"3",">50",5.66686513739729,50.8038222349966
