"","CHEMO_TREATED","TNFRSF12A","unlog"
"1",0,5.6795232983711,51.2515346105369
"2",1,5.74595353677054,53.6666353964288
