"","ENDOCRINE_TREATED","TNFRSF12A","unlog"
"1","0",5.72203598207842,52.7842635804119
"2","1",5.70096148571842,52.0188098108962
