"","HER2_STATUS","TNFRSF12A","unlog"
"1","Negative",5.68715894079313,51.5235088072114
"2","Positive",5.87661986739192,58.7541913322605
