"","IHC_SUBTYPE","TNFRSF12A","unlog"
"1","HR-Pos_HER2-Neg",5.69860377078397,51.933867838035
"2","HR-Pos_HER2-Pos",5.85817948295324,58.0079802630054
