"","KI67_STATUS","TNFRSF12A","unlog"
"1","Negative",5.64802431468015,50.1446650783705
"2","Positive",5.66985848214079,50.9093408804149
