"","LYMPH_NODE_STATUS","TNFRSF12A","unlog"
"1","Node Negative",5.68692520879449,51.5151621248706
"2","Node Positive",5.720632260335,52.7329302204986
