"","NHG","TNFRSF12A","unlog"
"1","G1",5.79968653275357,55.7031316186958
"2","G2",5.64105655689322,49.9030662013101
"3","G3",5.75674356310169,54.0695169719564
