"","PGR_STATUS","TNFRSF12A","unlog"
"1","Negative",5.67505581417753,51.0930733487889
"2","Positive",5.71395764073237,52.4895251381559
