"","SIZE_GROUP","TNFRSF12A","unlog"
"1","T1",5.46495788708926,44.1688659810057
"2","T2",5.59179957934672,48.2280167556352
"3","T3",5.70647993900616,52.218168017355
